{"nodes":{"node:10":{"location":{"x":-444,"y":284}},"node:17104000047371665709":{"location":{"x":0,"y":0}},"node:2":{"location":{"x":-29,"y":-449}},"node:4":{"location":{"x":-237,"y":-49}},"node:6":{"location":{"x":-253,"y":15}},"node:8":{"location":{"x":-243,"y":76}}},"selection":null,"view":{"scroll":{"x":-215.585693359375,"y":-337.8446044921875},"visible_rect":{"max":{"x":989.6572265625,"y":1372.62158203125},"min":{"x":-862.3427734375,"y":-1351.37841796875}},"zoom":0.25}}