{"nodes":null,"selection":null,"view":{"scroll":{"x":-65.9999923706054688,"y":0},"visible_rect":{"max":{"x":5.89928054809570312,"y":4},"min":{"x":-1.89928042888641357,"y":0}},"zoom":34.75}}